"title","post_date","post_link","comment_count","top_commenter","hubwheel_dots","num_badges"
"Pubski: April 8, 2020"," April 8, 2020","http://hubski.com/pub/437949","3","nil","5",0
"Pubski: April 1, 2020"," April 1, 2020","http://hubski.com/pub/437493","43","lil","8",0
"Pubski: March 25, 2020"," March 25, 2020","http://hubski.com/pub/437006","69","goobster","8",0
"Pubski: March 18, 2020"," March 18, 2020","http://hubski.com/pub/436501","49","mk","8",0
"Pubski: March 11, 2020"," March 11, 2020","http://hubski.com/pub/436083","58","nil","8",0
"Pubski: March 4, 2020"," March 4, 2020","http://hubski.com/pub/435771","33","mk","8",0
"Pubski: February 26, 2020"," February 26, 2020","http://hubski.com/pub/435448","51","mk","8",0
"Pubski: February 19, 2020"," February 19, 2020","http://hubski.com/pub/435083","39","elizabeth","8",0
"Pubski: February 12, 2020"," February 12, 2020","http://hubski.com/pub/434836","50","_refugee_","8",0
"Pubski, February 5, 2020"," February 5, 2020","http://hubski.com/pub/434519","50","izzy417","8",0
"Pubski: January 29, 2020"," January 29, 2020","http://hubski.com/pub/434183","28","nil","8",0
"Pubski: January 22, 2020"," January 22, 2020","http://hubski.com/pub/433853","65","cgod","7",0
"Pubski: January 15, 2020"," January 15, 2020","http://hubski.com/pub/433530","38","darlinareyousleepy","8",0
"Pubski: January 8, 2020"," January 8, 2020","http://hubski.com/pub/433132","69","Quatrarius","8",0
"Pubski: January 1, 2020"," January 1, 2020","http://hubski.com/pub/432771","10","kingmudsy","8",0
"Pubski: December 25, 2019"," December 25, 2019","http://hubski.com/pub/432551","15","wasoxygen","8",0
"Pubski: December 18, 2019"," December 18, 2019","http://hubski.com/pub/432280","37","kleinbl00","8",0
"Pubski: December 11, 2019"," December 11, 2019","http://hubski.com/pub/432062","35","ButterflyEffect","8",0
"Pubski: December 4, 2019"," December 4, 2019","http://hubski.com/pub/431745","60","zebra2","8",0
"Pubski: November 27, 2019"," November 27, 2019","http://hubski.com/pub/431527","41","Foveaux","8",0
"Pubski: November 20, 2019"," November 20, 2019","http://hubski.com/pub/431296","43","ilex","8",0
"Pubski: November 13, 2019"," November 13, 2019","http://hubski.com/pub/431048","39","Quatrarius","8",0
"Pubski: November 6, 2019"," November 6, 2019","http://hubski.com/pub/430792","30","veen","8",0
"Pubski: October 30, 2019"," October 30, 2019","http://hubski.com/pub/430570","26","veen","8",0
"Pubski: October 23, 2019"," October 23, 2019","http://hubski.com/pub/430369","47","kleinbl00","8",0
"Pubski: October 16, 2019"," October 16, 2019","http://hubski.com/pub/430101","66","goobster","8",0
"Pubski: October 9, 2019"," October 9, 2019","http://hubski.com/pub/429793","26","veen","7",0
"Pubski: October 9th 2019"," October 9th 2019","http://hubski.com/pub/429790","43","zebra2","8",0
"Pubski: October 2, 2019"," October 2, 2019","http://hubski.com/pub/429365","92","steve","8",0
"Pubski: September 25, 2019"," September 25, 2019","http://hubski.com/pub/429009","44","Devac","8",0
"Pubski: September 18, 2019"," September 18, 2019","http://hubski.com/pub/428711","43","kleinbl00","8",0
"Pubski: September 11, 2019"," September 11, 2019","http://hubski.com/pub/428516","3","kleinbl00","5",0
"Pubski: September 11, 2019"," September 11, 2019","http://hubski.com/pub/428501","41","kleinbl00","8",0
"Pubski: September 4, 2019"," September 4, 2019","http://hubski.com/pub/428175","38","mike","6",0
"Pubski: August 28, 2019"," August 28, 2019","http://hubski.com/pub/427960","63","zebra2","8",0
"Pubski: August 21, 2019"," August 21, 2019","http://hubski.com/pub/427729","34","Devac","8",0
"Pubski: August 14, 2019"," August 14, 2019","http://hubski.com/pub/427518","30","flac","8",0
"Pubski: August 7, 2019"," August 7, 2019","http://hubski.com/pub/427176","46","Creativity","8",0
"Pubski: July 31, 2019"," July 31, 2019","http://hubski.com/pub/426911","32","user-inactivated","8",0
"Pubski: July 24, 2019"," July 24, 2019","http://hubski.com/pub/426774","40","flac","8",0
"Pubski: July 17, 2019"," July 17, 2019","http://hubski.com/pub/426579","63","mk","8",0
"Pubski: July 10, 2019"," July 10, 2019","http://hubski.com/pub/426357","54","flac","8",0
"Pubski: July 3, 2019"," July 3, 2019","http://hubski.com/pub/426193","47","darlinareyousleepy","8",0
"Pubski: June 26, 2019"," June 26, 2019","http://hubski.com/pub/425984","41","mk","8",0
"Pubski: June 19, 2019"," June 19, 2019","http://hubski.com/pub/425759","43","blackbootz","7",0
"Pubski: June 12, 2019"," June 12, 2019","http://hubski.com/pub/425563","44","Devac","8",0
"Pubski: June 5, 2019"," June 5, 2019","http://hubski.com/pub/425346","51","swedishbadgergirl","8",0
"Pubski: May 29, 2019"," May 29, 2019","http://hubski.com/pub/425131","60","veen","8",0
"Pubski: May 22, 2019"," May 22, 2019","http://hubski.com/pub/424962","41","necroptosis","8",0
"Pubski: May 15, 2019"," May 15, 2019","http://hubski.com/pub/424753","38","veen","8",0
"Pubski: May 8, 2019"," May 8, 2019","http://hubski.com/pub/424581","28","cgod","8",0
"Pubski: May 1, 2019"," May 1, 2019","http://hubski.com/pub/424509","31","mk","8",0
"Is it just me or was there no pubski last week?","ust me or was there no pubski last week?","http://hubski.com/pub/424500","4","mk","8",0
"Pubski: April 24, 2019"," April 24, 2019","http://hubski.com/pub/424074","41","user-inactivated","8",0
"Pubski: April 17, 2019"," April 17, 2019","http://hubski.com/pub/423884","28","blackbootz","8",0
"Pubski: April 10, 2019"," April 10, 2019","http://hubski.com/pub/423681","17","mk","8",0
"Pubski: April 3, 2019"," April 3, 2019","http://hubski.com/pub/423499","48","swedishbadgergirl","8",0
"Pubski: March 27, 2019"," March 27, 2019","http://hubski.com/pub/423232","63","mk","8",0
"Pubski: March 20, 2019"," March 20, 2019","http://hubski.com/pub/422923","48","zebra2","8",0
"Pubski: March 13, 2019"," March 13, 2019","http://hubski.com/pub/422669","41","user-inactivated","8",0
"Pubski: March 6, 2019"," March 6, 2019","http://hubski.com/pub/422385","63","lil","8",0
"Pubski: February 27, 2019"," February 27, 2019","http://hubski.com/pub/422058","30","kleinbl00","8",0
"Pubski: February 20, 2019"," February 20, 2019","http://hubski.com/pub/421770","36","elizabeth","8",0
"Pubski: February 13, 2019"," February 13, 2019","http://hubski.com/pub/421523","28","demiurrrge","8",0
"Pubski: February 6, 2019"," February 6, 2019","http://hubski.com/pub/421182","32","darlinareyousleepy","8",0
"Pubski: January 30, 2019"," January 30, 2019","http://hubski.com/pub/420932","55","thenewgreen","8",0
"Pubski: January 23, 2019"," January 23, 2019","http://hubski.com/pub/420678","17","c_hawkthorne","8",0
"Pubski: January 16, 2019"," January 16, 2019","http://hubski.com/pub/420460","28","flac","8",0
"Pubski: January 9, 2019"," January 9, 2019","http://hubski.com/pub/420248","42","thenewgreen","8",0
"Pubski: January 2, 2019"," January 2, 2019","http://hubski.com/pub/420072","18","veen","8",0
"Pubski: December 26, 2018"," December 26, 2018","http://hubski.com/pub/419939","8","Dala","8",0
"Pubski: December 19, 2018"," December 19, 2018","http://hubski.com/pub/419748","25","Clariti","8",0
"Pubski: December 12, 2018"," December 12, 2018","http://hubski.com/pub/419453","49","Devac","8",0
"Pubski: December 5, 2018"," December 5, 2018","http://hubski.com/pub/419190","37","kleinbl00","8",0
"Pubski: November 28, 2018"," November 28, 2018","http://hubski.com/pub/418918","30","c_hawkthorne","8",0
"Pubski: November 21, 2018"," November 21, 2018","http://hubski.com/pub/418694","27","tacocat","8",0
"Pubski: November 14, 2018"," November 14, 2018","http://hubski.com/pub/418378","82","_refugee_","8",0
"Pubski: November 7, 2018"," November 7, 2018","http://hubski.com/pub/417970","41","ButterflyEffect","8",0
"Pubski: October 31, 2018"," October 31, 2018","http://hubski.com/pub/417612","22","tacocat","8",0
"Pubski: October 24, 2018"," October 24, 2018","http://hubski.com/pub/417215","72","nowaypablo","8",0
"Pubski: October 17, 2018"," October 17, 2018","http://hubski.com/pub/416963","31","veen","8",0
"Pubski: October 10, 2018"," October 10, 2018","http://hubski.com/pub/416642","52","PTR","8",0
"Pubski: October 3, 2018"," October 3, 2018","http://hubski.com/pub/416322","57","Cumol","8",0
"Pubski: September 26, 2018"," September 26, 2018","http://hubski.com/pub/415912","68","veen","8",0
"Pubski: September 19, 2018"," September 19, 2018","http://hubski.com/pub/415457","75","tacocat","8",0
"Pubski: September 12, 2018"," September 12, 2018","http://hubski.com/pub/415068","62","veen","8",0
"Pubski: September 5, 2018"," September 5, 2018","http://hubski.com/pub/414724","45","Quatrarius","8",0
"Pubski: August 29, 2018"," August 29, 2018","http://hubski.com/pub/414343","63","OftenBen","8",0
"Pubski: August 22, 2018"," August 22, 2018","http://hubski.com/pub/414006","43","blackbootz","8",0
"Pubski: August 15, 2018"," August 15, 2018","http://hubski.com/pub/413599","38","flac","7",0
"Pubski: August 8, 2018"," August 8, 2018","http://hubski.com/pub/413203","62","wasoxygen","8",0
"Pubski: August 1,2018"," August 1,2018","http://hubski.com/pub/412788","67","user-inactivated","8",0
"Pubski: July 25, 2018"," July 25, 2018","http://hubski.com/pub/412365","35","veen","8",0
"Pubski: July 25, 2018 [closed]"," July 25, 2018 [closed]","http://hubski.com/pub/412363","10","spencerflem","3",0
"Pubski: July 18, 2018"," July 18, 2018","http://hubski.com/pub/411985","57","Devac","8",0
"Pubski: July 11, 2018"," July 11, 2018","http://hubski.com/pub/411558","71","user-inactivated","8",0
"Pubski: July 4, 2018"," July 4, 2018","http://hubski.com/pub/411105","41","ButterflyEffect","8",0
"Pubski: June 27, 2018"," June 27, 2018","http://hubski.com/pub/410665","53","Cumol","7",0
"Pubski: June 20, 2018"," June 20, 2018","http://hubski.com/pub/410310","65","_refugee_","6",0
"Pubski: June 13, 2018"," June 13, 2018","http://hubski.com/pub/409809","74","galen","8",0
"Pubski: June 6, 2018"," June 6, 2018","http://hubski.com/pub/409380","92","AnSionnachRua","8",0
"Pubski: May 30, 2018"," May 30, 2018","http://hubski.com/pub/408780","85","ThatFanficGuy","8",0
"Pubski: May 23, 2018"," May 23, 2018","http://hubski.com/pub/408401","75","flac","8",0
"Pubski: May 16, 2018"," May 16, 2018","http://hubski.com/pub/407939","77","veen","8",0
"Pubski: May 9, 2018"," May 9, 2018","http://hubski.com/pub/407595","36","user-inactivated","8",0
"Pubski: May 2, 2018"," May 2, 2018","http://hubski.com/pub/407222","56","kleinbl00","8",0
"Pubski: April 25, 2018"," April 25, 2018","http://hubski.com/pub/406743","53","steve","8",0
"Pubski: April 18, 2018"," April 18, 2018","http://hubski.com/pub/406421","64","WanderingEng","8",0
"Pubski: April 11, 2018"," April 11, 2018","http://hubski.com/pub/405912","74","tacocat","8",0
"Pubski: April 4, 2018"," April 4, 2018","http://hubski.com/pub/405369","122","mk","8",0
"Pubski: March 28, 2018"," March 28, 2018","http://hubski.com/pub/404665","43","user-inactivated","8",0
"Pubski: March 21, 2018"," March 21, 2018","http://hubski.com/pub/403902","111","JonG97","8",0
"Pubski: March 14, 2018"," March 14, 2018","http://hubski.com/pub/403348","71","zebra2","8",0
"Pubski: March 7, 2018"," March 7, 2018","http://hubski.com/pub/402773","64","nowaypablo","8",0
"Pubski: February 28, 2018"," February 28, 2018","http://hubski.com/pub/402346","83","galen","8",0
"Pubski: February 21, 2018"," February 21, 2018","http://hubski.com/pub/401966","85","elizabeth","8",0
"Pubski: February 14, 2018"," February 14, 2018","http://hubski.com/pub/401557","49","goobster","8",0
"Pubski: February 7, 2018"," February 7, 2018","http://hubski.com/pub/401063","109","flac","8",0
"Pubski: January 31, 2018"," January 31, 2018","http://hubski.com/pub/400595","101","veen","8",0
"Pubski: January 24, 2018"," January 24, 2018","http://hubski.com/pub/400043","75","tacocat","8",0
"Pubski: January 17, 2018"," January 17, 2018","http://hubski.com/pub/399552","93","veen","8",0
"Pubski: January 10, 2018"," January 10, 2018","http://hubski.com/pub/398982","125","tacocat","8",0
"Pubski: January 3, 2018"," January 3, 2018","http://hubski.com/pub/398494","55","veen","8",0
"Pubski: December 27, 2017"," December 27, 2017","http://hubski.com/pub/398070","40","veen","8",0
"Pubski: December 20, 2017"," December 20, 2017","http://hubski.com/pub/397722","122","WanderingEng","8",0
"Pubski: December 13, 2017"," December 13, 2017","http://hubski.com/pub/397176","25","veen","8",0
"Pubski: December 6, 2017"," December 6, 2017","http://hubski.com/pub/396672","112","veen","8",0
"Pubski: November 29, 2017"," November 29, 2017","http://hubski.com/pub/396199","72","mk","8",0
"Pubski: November 22, 2017"," November 22, 2017","http://hubski.com/pub/395777","101","steve","8",0
"Pubski: November 15, 2017"," November 15, 2017","http://hubski.com/pub/395155","89","PTR","8",0
"Pubski: November 8, 2017"," November 8, 2017","http://hubski.com/pub/394476","120","veen","8",0
"Pubski: November 1, 2017"," November 1, 2017","http://hubski.com/pub/393878","142","steve","8",0
"Pubski: October 25, 2017"," October 25, 2017","http://hubski.com/pub/393426","103","kleinbl00","8",0
"Pubski: October 18, 2017"," October 18, 2017","http://hubski.com/pub/393028","80","thenewgreen","8",0
"Pubski: October 11, 2017"," October 11, 2017","http://hubski.com/pub/392598","84","user-inactivated","8",0
"Pubski: October 4, 2017"," October 4, 2017","http://hubski.com/pub/392254","66","kleinbl00","8",0
"Pubski: September 27, 2017"," September 27, 2017","http://hubski.com/pub/391874","12","mk","6",0
"Pubski: September 27, 2017"," September 27, 2017","http://hubski.com/pub/391845","69","veen","8",0
"Pubski: September 20, 2017"," September 20, 2017","http://hubski.com/pub/391404","98","kleinbl00","8",0
"Pubski: September 13, 2017"," September 13, 2017","http://hubski.com/pub/390988","79","kleinbl00","8",0
"Pubski: September 6, 2017"," September 6, 2017","http://hubski.com/pub/390532","49","elizabeth","8",0
"Pubski: August 30, 2017"," August 30, 2017","http://hubski.com/pub/390172","74","mk","8",0
"Pubski: August 23, 2017"," August 23, 2017","http://hubski.com/pub/389601","82","mk","8",0
"Pubski: August 16, 2017"," August 16, 2017","http://hubski.com/pub/389006","76","kleinbl00","8",0
"Pubski: August 9, 2017"," August 9, 2017","http://hubski.com/pub/388398","93","lil","8",0
"Pubski: August 2, 2017"," August 2, 2017","http://hubski.com/pub/387903","52","mk","8",0
"Pubski: July 26, 2017"," July 26, 2017","http://hubski.com/pub/387453","98","snarky","8",0
"Pubski: July 19, 2017"," July 19, 2017","http://hubski.com/pub/386879","100","veen","8",0
"Pubski: July 12, 2017"," July 12, 2017","http://hubski.com/pub/386326","72","flac","8",0
"Pubski: July 5th, 2017"," July 5th, 2017","http://hubski.com/pub/385892","62","am_Unition","8",0
"Pubski: June 28, 2017"," June 28, 2017","http://hubski.com/pub/385366","58","mk","8",0
"Pubski: June 21, 2017"," June 21, 2017","http://hubski.com/pub/384724","130","lil","8",0
"Pubski: June 14, 2017"," June 14, 2017","http://hubski.com/pub/384119","109","kleinbl00","8",0
"Pubski: June 7, 2017"," June 7, 2017","http://hubski.com/pub/383555","57","user-inactivated","8",0
"Pubski: May 31, 2017"," May 31, 2017","http://hubski.com/pub/382836","48","c_hawkthorne","8",0
"Pubski: May 24, 2017"," May 24, 2017","http://hubski.com/pub/382261","97","tacocat","8",0
"Pubski: May 17, 2017"," May 17, 2017","http://hubski.com/pub/381697","42","flac","8",0
"Pubski: May 10, 2017"," May 10, 2017","http://hubski.com/pub/381209","59","thenewgreen","8",0
"Pubski: May 3, 2017"," May 3, 2017","http://hubski.com/pub/380661","94","blackbootz","8",0
"Pubski: April 26, 2017"," April 26, 2017","http://hubski.com/pub/380090","64","tacocat","8",0
"Pubski: April 19, 2017"," April 19, 2017","http://hubski.com/pub/379552","53","blackbootz","8",0
"Pubski: April 12, 2017"," April 12, 2017","http://hubski.com/pub/378898","90","flac","8",0
"Pubski: April 5, 2017"," April 5, 2017","http://hubski.com/pub/378165","155","DWol","8",0
"Pubski: March 29, 2017"," March 29, 2017","http://hubski.com/pub/377427","93","kleinbl00","8",0
"Pubski: March 22, 2017"," March 22, 2017","http://hubski.com/pub/376682","95","WanderingEng","8",0
"Pubski: March 15, 2017"," March 15, 2017","http://hubski.com/pub/375911","93","veen","8",0
"Pubski: March 8, 2017"," March 8, 2017","http://hubski.com/pub/374911","87","mk","8",0
"Pubski: March 1, 2017"," March 1, 2017","http://hubski.com/pub/374161","75","snoodog","8",0
"Pubski: February 22, 2017"," February 22, 2017","http://hubski.com/pub/373260","50","steve","8",0
"Pubski: February 15, 2017"," February 15, 2017","http://hubski.com/pub/372314","146","kleinbl00","8",0
"Pubski: February 8, 2017"," February 8, 2017","http://hubski.com/pub/371442","115","OftenBen","8",0
"Pubski: February 1, 2017"," February 1, 2017","http://hubski.com/pub/370597","69","thundara","8",0
"Pubski: February 1, 2017"," February 1, 2017","http://hubski.com/pub/370588","18","veen","8",0
"Pubski: January 25, 2017"," January 25, 2017","http://hubski.com/pub/369529","111","Devac","8",0
"Pubski: January 18, 2017"," January 18, 2017","http://hubski.com/pub/368521","186","kleinbl00","8",0
"Pubski: January 11, 2016"," January 11, 2016","http://hubski.com/pub/367794","84","kleinbl00","8",0
"Pubski: January 4, 2017"," January 4, 2017","http://hubski.com/pub/366943","104","b_b","8",0
"Pubski: December 28, 2016"," December 28, 2016","http://hubski.com/pub/366245","92","flac","8",0
"Pubski: December 21, 2016"," December 21, 2016","http://hubski.com/pub/365655","100","mk","8",0
"Pubski: December 14, 2016"," December 14, 2016","http://hubski.com/pub/364700","133","flac","8",0
"Pubski: December 7, 2016"," December 7, 2016","http://hubski.com/pub/363695","101","ThatFanficGuy","8",0
"Pubski: November 30, 2016"," November 30, 2016","http://hubski.com/pub/362764","127","blackbootz","8",0
"Pubski: November 23, 2016"," November 23, 2016","http://hubski.com/pub/361758","81","thenewgreen","8",0
"Pubski: November 16, 2016"," November 16, 2016","http://hubski.com/pub/360994","69","goobster","8",0
"Pubski: November 9, 2016"," November 9, 2016","http://hubski.com/pub/359873","118","kleinbl00","8",0
"Pubski: November 2, 2016"," November 2, 2016","http://hubski.com/pub/358827","102","kleinbl00","8",0
"Pubski: October 26, 2016"," October 26, 2016","http://hubski.com/pub/357944","52","ButterflyEffect","8",0
"Pubski: October 19, 2016"," October 19, 2016","http://hubski.com/pub/356950","72","flac","8",0
"Pubski: October 12, 2016"," October 12, 2016","http://hubski.com/pub/355945","91","Devac","8",0
"Pubski: October 5, 2016"," October 5, 2016","http://hubski.com/pub/355091","58","flac","8",0
"Pubski: September 28, 2016"," September 28, 2016","http://hubski.com/pub/354216","89","flac","8",0
"Pubski: September 21, 2016"," September 21, 2016","http://hubski.com/pub/353429","40","Devac","8",0
"Pubski: September 14, 2016"," September 14, 2016","http://hubski.com/pub/351866","76","user-inactivated","8",0
"Pubski: September 7, 2016"," September 7, 2016","http://hubski.com/pub/350776","53","goobster","8",0
"Pubski: August 31, 2016"," August 31, 2016","http://hubski.com/pub/350009","104","_refugee_","8",0
"Pubski: August 24, 2016"," August 24, 2016","http://hubski.com/pub/349030","89","OftenBen","8",0
"Pubski: August 17, 2016"," August 17, 2016","http://hubski.com/pub/348049","120","user-inactivated","8",0
"Pubski: August 10, 2016"," August 10, 2016","http://hubski.com/pub/347347","57","veen","8",0
"Pubski: August 3, 2016"," August 3, 2016","http://hubski.com/pub/346510","158","tacocat","8",0
"Pubski: July 27, 2016"," July 27, 2016","http://hubski.com/pub/345497","89","lil","8",0
"Pubski: July 20, 2016"," July 20, 2016","http://hubski.com/pub/344672","70","OftenBen","8",0
"Pubski: July 13, 2016"," July 13, 2016","http://hubski.com/pub/343739","50","kleinbl00","8",0
"Pubski: July 6, 2016"," July 6, 2016","http://hubski.com/pub/342754","128","blackbootz","8",0
"Pubski: June 29, 2016"," June 29, 2016","http://hubski.com/pub/341885","81","mk","8",0
"Pubski: June 22, 2016"," June 22, 2016","http://hubski.com/pub/340691","74","flac","8",0
"Pubski: June 15, 2016"," June 15, 2016","http://hubski.com/pub/339627","69","kantos","8",0
"Pubski: June 8, 2016"," June 8, 2016","http://hubski.com/pub/338406","62","veen","8",0
"Pubski: June 1, 2016"," June 1, 2016","http://hubski.com/pub/337209","78","mk","8",0
"Pubski: May 25, 2016"," May 25, 2016","http://hubski.com/pub/336280","92","kleinbl00","8",0
"Pubski: May 18, 2016"," May 18, 2016","http://hubski.com/pub/335270","121","c_hawkthorne","8",0
"Pubski: May 11, 2016"," May 11, 2016","http://hubski.com/pub/334189","86","user-inactivated","8",0
"Pubski: May 4, 2016"," May 4, 2016","http://hubski.com/pub/333177","69","flac","8",0
"Pubski: April 27, 2016"," April 27, 2016","http://hubski.com/pub/331981","117","thenewgreen","8",0
"Pubski: April 20, 2016"," April 20, 2016","http://hubski.com/pub/330915","128","lil","8",0
"Pubski: April 13, 2016"," April 13, 2016","http://hubski.com/pub/329669","120","thenewgreen","8",0
"Pubski: April 6, 2016"," April 6, 2016","http://hubski.com/pub/328406","133","kleinbl00","8",0
"Pubski: March 30, 2016"," March 30, 2016","http://hubski.com/pub/327125","178","elizabeth","8",0
"Pubski: March 23, 2016"," March 23, 2016","http://hubski.com/pub/325615","110","ButterflyEffect","8",0
"Pubski: March 16, 2016"," March 16, 2016","http://hubski.com/pub/324449","105","user-inactivated","8",0
"Pubski: March 9, 2016"," March 9, 2016","http://hubski.com/pub/323198","180","goobster","8",0
"Pubski: March 2, 2016"," March 2, 2016","http://hubski.com/pub/322098","105","kleinbl00","8",0
"Pubski: February 24, 2016"," February 24, 2016","http://hubski.com/pub/321002","113","thenewgreen","8",0
"Pubski: February 17, 2016"," February 17, 2016","http://hubski.com/pub/319984","82","user-inactivated","8",0
"Pubski: February 10, 2016"," February 10, 2016","http://hubski.com/pub/318937","68","goobster","8",0
"Pubski: February 3, 2016"," February 3, 2016","http://hubski.com/pub/318069","61","thundara","8",0
"Pubski: January 27, 2016"," January 27, 2016","http://hubski.com/pub/317113","99","Meriadoc","8",0
"Pubski: January 20, 2016"," January 20, 2016","http://hubski.com/pub/316061","88","elizabeth","8",0
"Pubski: January 13, 2016"," January 13, 2016","http://hubski.com/pub/314952","62","rinx","8",0
"Pubski: January 6, 2016"," January 6, 2016","http://hubski.com/pub/313608","55","cgod","8",0
"Pubski: December 30, 2015"," December 30, 2015","http://hubski.com/pub/312683","71","mk","8",0
"Pubski: December 23, 2015"," December 23, 2015","http://hubski.com/pub/311823","35","kleinbl00","8",0
"Pubski: December 16, 2015"," December 16, 2015","http://hubski.com/pub/310692","72","elizabeth","8",0
"Pubski: December 9, 2015"," December 9, 2015","http://hubski.com/pub/309195","107","OftenBen","8",0
"Pubski: December 2, 2015"," December 2, 2015","http://hubski.com/pub/308097","126","_refugee_","8",0
"Pubski: November 25, 2015"," November 25, 2015","http://hubski.com/pub/307234","65","kleinbl00","8",0
"Pubski: November 18, 2015"," November 18, 2015","http://hubski.com/pub/306049","51","thundara","8",0
"Pubski: November 11, 2015"," November 11, 2015","http://hubski.com/pub/305184","72","steve","8",0
"Pubski: November 4, 2015"," November 4, 2015","http://hubski.com/pub/303755","74","kleinbl00","8",0
"Pubski: October 28, 2015"," October 28, 2015","http://hubski.com/pub/300323","60","Quatrarius","8",0
"Pubski: October 21, 2015"," October 21, 2015","http://hubski.com/pub/299172","96","lil","8",0
"Pubski: October 14, 2015"," October 14, 2015","http://hubski.com/pub/296030","58","_refugee_","8",0
"Pubski: October 7, 2015"," October 7, 2015","http://hubski.com/pub/286905","111","Meriadoc","8",0
"Pubski: September 30, 2015"," September 30, 2015","http://hubski.com/pub/272279","119","galen","8",0
"Pubski: September 23, 2015"," September 23, 2015","http://hubski.com/pub/270241","119","_refugee_","8",0
"Pubski: September 16, 2015"," September 16, 2015","http://hubski.com/pub/268819","127","steve","8",0
"Pubski: September 9, 2015"," September 9, 2015","http://hubski.com/pub/267397","56","nowaypablo","8",0
"Pubski: September 2, 2015"," September 2, 2015","http://hubski.com/pub/266013","112","tehstone","8",0
"Pubski: August 26, 2015"," August 26, 2015","http://hubski.com/pub/264348","97","rinx","8",0
"Pubski: August 19, 2015"," August 19, 2015","http://hubski.com/pub/262388","102","veen","8",0
"Pubski: August 12, 2015"," August 12, 2015","http://hubski.com/pub/259633","144","thenewgreen","8",0
"Pubski: August 5, 2015"," August 5, 2015","http://hubski.com/pub/256252","98","thenewgreen","8",0
"Pubski: July 29, 2015"," July 29, 2015","http://hubski.com/pub/253462","125","galen","8",0
"Pubski: July 22, 2015"," July 22, 2015","http://hubski.com/pub/249805","175","arguewithatree","8",0
"Pubski: July 15, 2015"," July 15, 2015","http://hubski.com/pub/244921","224","mk","8",0
"Pubski: July 8, 2015"," July 8, 2015","http://hubski.com/pub/239611","52","veen","8",0
"Pubski: July 1, 2015"," July 1, 2015","http://hubski.com/pub/231358","53","kleinbl00","8",0
"Pubski: June 24, 2015"," June 24, 2015","http://hubski.com/pub/229849","76","veen","8",0
"Pubski: June 17, 2015"," June 17, 2015","http://hubski.com/pub/227918","66","mk","8",0
"Pubski: June 10, 2015"," June 10, 2015","http://hubski.com/pub/223264","77","_refugee_","8",0
"Pubski: June 3, 2015"," June 3, 2015","http://hubski.com/pub/222334","80","Creativity","8",0
"Pubski: May 27, 2015"," May 27, 2015","http://hubski.com/pub/221279","62","humanodon","8",0
"Pubski: May 20, 2015"," May 20, 2015","http://hubski.com/pub/220313","56","elizabeth","8",0
"Pubski: May 13, 2015"," May 13, 2015","http://hubski.com/pub/219193","68","b_b","8",0
"Pubski: May 6, 2015"," May 6, 2015","http://hubski.com/pub/218285","46","mk","8",0
"Pubski: April 29, 2015"," April 29, 2015","http://hubski.com/pub/217303","52","veen","8",0
"Pubski: April 22, 2015"," April 22, 2015","http://hubski.com/pub/216286","43","user-inactivated","8",0
"Pubski: April 15, 2015"," April 15, 2015","http://hubski.com/pub/215259","65","_refugee_","8",0
"Pubski: April 8, 2015"," April 8, 2015","http://hubski.com/pub/214375","110","rob05c","8",0
"Pubski: April 1, 2015"," April 1, 2015","http://hubski.com/pub/213429","83","arguewithatree","8",0
"Pubski: March 25, 2015"," March 25, 2015","http://hubski.com/pub/212429","125","kleinbl00","8",0
"Pubski: March 18, 2015"," March 18, 2015","http://hubski.com/pub/211479","48","lil","8",0
"Pubski: March 11, 2015"," March 11, 2015","http://hubski.com/pub/210519","77","steve","8",0
"Pubski: March 4, 2015"," March 4, 2015","http://hubski.com/pub/209553","77","veen","8",0
"Pubski: February 25, 2015"," February 25, 2015","http://hubski.com/pub/208565","86","user-inactivated","8",0
"Pubski: February 18, 2015"," February 18, 2015","http://hubski.com/pub/207491","85","user-inactivated","8",0
"Pubski: February 11, 2015"," February 11, 2015","http://hubski.com/pub/206393","101","kleinbl00","8",0
"Pubski: February 4, 2015"," February 4, 2015","http://hubski.com/pub/205161","83","user-inactivated","8",0
"Pubski: January 28, 2015"," January 28, 2015","http://hubski.com/pub/203770","90","Cumol","8",0
"Pubski: January 21, 2015"," January 21, 2015","http://hubski.com/pub/202638","99","am_Unition","8",0
"Pubski: January 14, 2015"," January 14, 2015","http://hubski.com/pub/200980","97","swedishbadgergirl","8",0
"Pubski: January 7, 2015"," January 7, 2015","http://hubski.com/pub/199412","134","kleinbl00","8",0
"Pubski: December 31, 2014"," December 31, 2014","http://hubski.com/pub/197664","66","thenewgreen","8",0
"Pubski: December 24th, 2014"," December 24th, 2014","http://hubski.com/pub/196747","56","mk","8",0
"Pubski: December 17, 2014"," December 17, 2014","http://hubski.com/pub/195622","46","thenewgreen","8",0
"Pubski: December 10, 2014"," December 10, 2014","http://hubski.com/pub/194482","63","_refugee_","8",0
"Pubski: December 3, 2014"," December 3, 2014","http://hubski.com/pub/193141","100","mike","8",0
"Pubski: November 26, 2014"," November 26, 2014","http://hubski.com/pub/192369","49","user-inactivated","8",0
"Pubski: November 19, 2014"," November 19, 2014","http://hubski.com/pub/191133","101","kleinbl00","8",0
"Pubski: November 12, 2014"," November 12, 2014","http://hubski.com/pub/189905","98","camarillobrillo","8",0
"Pubski: November 5, 2014"," November 5, 2014","http://hubski.com/pub/188576","70","kleinbl00","8",0
"Pubski: October 29, 2014"," October 29, 2014","http://hubski.com/pub/187114","117","_refugee_","8",0
"Pubski: October 22, 2014"," October 22, 2014","http://hubski.com/pub/186143","98","mk","8",0
"Pubski: October 15, 2014"," October 15, 2014","http://hubski.com/pub/184890","112","steve","8",0
"Pubski: October 8, 2014"," October 8, 2014","http://hubski.com/pub/183584","105","mk","8",0
"Pubski: October 1, 2014"," October 1, 2014","http://hubski.com/pub/181991","128","thenewgreen","8",0
"Pubski: September 24, 2014"," September 24, 2014","http://hubski.com/pub/180489","131","insomniasexx","8",0
"Pubski: September 17, 2014"," September 17, 2014","http://hubski.com/pub/179149","112","ghostoffuffle","8",0
"Pubski: September 10, 2014"," September 10, 2014","http://hubski.com/pub/177602","83","zebra2","8",0
"Pubski: August 28, 2014"," August 28, 2014","http://hubski.com/pub/174830","69","mk","8",0
"Pubski: August 20, 2014"," August 20, 2014","http://hubski.com/pub/173375","60","thenewgreen","8",0
"Pubski: August 13, 2014"," August 13, 2014","http://hubski.com/pub/172369","137","insomniasexx","8",0
